app_name,Window_title,label
chrome.exe,"Introduction to Python - Coursera",productive
Code.exe,"data_preprocessing.py - ML_Project - Visual Studio Code",productive
chrome.exe,"Stack Overflow - Where Developers Learn, Share, & Build Careers",productive
chrome.exe,"GitHub - tensorflow/tensorflow: An Open Source Machine Learning Framework for Everyone",productive
SOLIDWORKS.exe,"engine_piston_v3.sldprt - SOLIDWORKS 2024",productive
AutoCAD.exe,"building_floor_plan_rev2.dwg - AutoCAD",productive
matlab.exe,"signal_processing_lab.m - MATLAB R2024a",productive
chrome.exe,"(1) How a CPU Works - Crash Course Computer Science #1 - YouTube",productive
chrome.exe,"GeeksforGeeks | A computer science portal for geeks",productive
chrome.exe,"Introduction to Algorithms, Lecture 1 | MIT OpenCourseWare",productive
ANSYS.exe,"Fluid_Dynamics_Wing_Simulation.wbpj - ANSYS Workbench",productive
chrome.exe,"Khan Academy | Free Online Courses, Lessons & Practice",productive
chrome.exe,"(1) GTA V First Mission Gameplay #1 - Techno Gamerz - YouTube",distracting
chrome.exe,"(1) SCHOOL LIFE - PART 1 | Round2hell | R2h - YouTube",distracting
spotify.exe,"Lofi Hip Hop Music - Beats to Relax/Study to",distracting
chrome.exe,"(1) Facebook",distracting
steam.exe,"Counter-Strike 2",distracting
chrome.exe,"Netflix",distracting
discord.exe,"#gaming-chat - University Friends",distracting
chrome.exe,"(1) The Funniest Fails of the Week | FailArmy - YouTube",distracting
explorer.exe,"C:\Users\Student\Downloads",uncertain
chrome.exe,"New Tab",uncertain
control.exe,"Control Panel\System and Security",uncertain
KiCad.exe,"motherboard_schematic_v1.kicad_sch - KiCad",productive
chrome.exe,"(1) The Riddle That Seems Impossible Even If You Know The Answer - Veritasium - YouTube",productive
chrome.exe,"Mendelian genetics | Classical and molecular genetics | Khan Academy",productive
chrome.exe,"Biology Online - The World's Most Comprehensive Database of Biology Terms & Topics",productive
libreoffice.exe,"Lab_Report_Mitosis.odt - LibreOffice Writer",productive
chrome.exe,"(1) What is CRISPR? - iBiology - YouTube",productive
gimp-2.10.exe,"annotated_cell_diagram.xcf - GIMP",productive
chrome.exe,"BioNinja - The IB Biology Syllabus, in a Nutshell",productive
chrome.exe,"(1) The wacky history of cell theory - Lauren Royal-Woods - TED-Ed - YouTube",productive
chrome.exe,"(1) Forged in Fire: 4 EPIC Blades That WOULDN'T KEAL - HISTORY - YouTube",distracting
chrome.exe,"(1) The Rise and Fall of the Aztec Empire - Timeline - World History Documentaries - YouTube",distracting
chrome.exe,"(1) WW2 - OverSimplified (Part 1) - YouTube",distracting
chrome.exe,"(1) CarryMinati - YALGAAR (Official Music Video) - YouTube",distracting
chrome.exe,"(1) BB Ki Vines- | Angry Masterji- Part 1 | - YouTube",distracting
chrome.exe,"(1) Oppenheimer Movie Review - Sucharita Tyagi - YouTube",distracting
chrome.exe,"(1) Unboxing the NEW iPhone 16! - Technical Guruji - YouTube",distracting
chrome.exe,"(1) Total Gaming Live - Free Fire - YouTube",distracting
chrome.exe,"(1) Reddit - r/memes",distracting
primevideo.exe,"The Boys - S04E01",distracting
winword.exe,"History_of_Mughal_Empire_Essay.docx - Word",productive
chrome.exe,"National Archives | Finding Primary Sources for Teachers and Students",productive
chrome.exe,"The Gilder Lehrman Institute of American History",productive
chrome.exe,"(1) The Napoleonic Wars (Part 1) - Epic History TV - YouTube",productive
chrome.exe,"EuroDocs: Primary Historical Documents From Western Europe",productive
chrome.exe,"Project Gutenberg",productive
chrome.exe,"(1) The Roman Empire. Or Republic. Or...Which Was It?: Crash Course World History #10 - YouTube",productive
chrome.exe,"(1) The History Guy: History Deserves to Be Remembered - YouTube",productive
chrome.exe,"(1) Kings and Generals - Animated Historical Documentaries - YouTube",productive
chrome.exe,"(1) The Cold War - OverSimplified (Part 1) - YouTube",distracting
chrome.exe,"(1) The Great Pyramid of Giza: A Marvel of Ancient Engineering - Best Documentary - YouTube",distracting
chrome.exe,"(1) How to Study for Exams - Ali Abdaal - YouTube",productive
chrome.exe,"(1) Learn French with Alexa - YouTube",productive
chrome.exe,"(1) Easy German 1: What's your name? | Was ist dein Name? - YouTube",productive
chrome.exe,"(1) Talk To Me In Korean - Level 1 - Lesson 1 - YouTube",productive
chrome.exe,"(1) English Conversation Practice Easy To Speak English Fluently - Daily English Conversation - YouTube",productive
chrome.exe,"(1) Learn Spanish: 500 Spanish Phrases in 1 Hour - YouTube",productive
chrome.exe,"(1) Learn Japanese in 4 Hours - ALL the Japanese Basics You Need - YouTube",productive
chrome.exe,"(1) How to Solve a Rubik's Cube | WIRED - YouTube",distracting
chrome.exe,"(1) 15 MIN FULL BODY WORKOUT - No Equipment | Pamela Reif - YouTube",distracting
chrome.exe,"(1) Gordon Ramsay Shows How To Make A Steak Dinner At Home | Ramsay in 10 - YouTube",distracting
chrome.exe,"(1) MrBeast - I Built 100 Wells In Africa - YouTube",distracting
Code.exe,"binary_search_tree.cpp - DSA_Practice - Visual Studio Code",productive
chrome.exe,"[Hard] Median of Two Sorted Arrays - LeetCode",productive
chrome.exe,"HackerRank - Practice Coding, Compete & Get Hired",productive
chrome.exe,"freeCodeCamp.org",productive
pycharm64.exe,"app.py - Flask_Web_App - PyCharm",productive
chrome.exe,"(1) What are SOLID principles? - Learn Engineering - YouTube",productive
chrome.exe,"(1) How do nuclear power plants work? - Real Engineering - YouTube",productive
chrome.exe,"(1) Smarter Every Day - YouTube",productive
chrome.exe,"(1) The Most Efficient Way to Study - Veritasium - YouTube",productive
chrome.exe,"(1) Math is the hidden secret to understanding the world | Roger Antonsen | TEDxYouth@Oslo - YouTube",productive
chrome.exe,"Desmos | Graphing Calculator",productive
geogebra.exe,"interactive_geometry.ggb - GeoGebra",productive
chrome.exe,"Mathigon – The Mathematical Playground",productive
chrome.exe,"(1) What is a Fourier Series? (Explained by drawing circles) - Smarter Every Day 205 - YouTube",productive
chrome.exe,"(1) 3Blue1Brown - Essence of linear algebra preview - YouTube",productive
chrome.exe,"(1) Numberphile - YouTube",productive
chrome.exe,"(1) The Man Who Knew Infinity - Official Trailer (2016) - YouTube",distracting
chrome.exe,"(1) A Brief History of Time by Stephen Hawking - Audiobook - YouTube",distracting
chrome.exe,"(1) Joe Rogan Experience #2054 - Bill Maher - YouTube",distracting
chrome.exe,"(1) MKBHD - The State of Foldables in 2025! - YouTube",distracting
chrome.exe,"(1) Linus Tech Tips - I Water Cooled a Toaster... Why? - YouTube",distracting
chrome.exe,"(1) Dude Perfect | Water Bottle Flip 2 - YouTube",distracting
taskmgr.exe,"Task Manager",uncertain
powershell.exe,"Windows PowerShell",uncertain
cmd.exe,"C:\WINDOWS\system32\cmd.exe",uncertain
explorer.exe,"This PC",uncertain
chrome.exe,"(1) Instagram",distracting
chrome.exe,"(1) Twitter",distracting
chrome.exe,"(1) Amazon.in: Online Shopping India",distracting
chrome.exe,"(1) Zomato",distracting
chrome.exe,"(1) Swiggy",distracting
chrome.exe,"(1) BookMyShow",distracting
chrome.exe,"(1) How to make Paneer Butter Masala - Cook with Parul - YouTube",distracting
chrome.exe,"(1) Top 10 Tourist Places in India - YouTube",distracting
chrome.exe,"(1) UPSC Topper 2024 Interview - Drishti IAS - YouTube",productive
chrome.exe,"The Hindu - Breaking News, India News, Sports News and Live Updates",productive
chrome.exe,"Press Information Bureau",productive
chrome.exe,"(1) World Affairs by Unacademy - YouTube",productive
chrome.exe,"(1) Study IQ IAS - YouTube",productive
chrome.exe,"(1) Mrunal Patel - YouTube",productive
chrome.exe,"(1) Parliament of India",productive
chrome.exe,"(1) PMINDIA",productive
chrome.exe,"(1) The Lallantop - YouTube",distracting
chrome.exe,"(1) Dhruv Rathee - YouTube",distracting
chrome.exe,"(1) The Print - YouTube",distracting
chrome.exe,"(1) Barkha Dutt - Mojo Story - YouTube",distracting
chrome.exe,"(1) The Wire - YouTube",distracting
chrome.exe,"(1) Newslaundry - YouTube",distracting
chrome.exe,"(1) Aaj Tak LIVE TV - YouTube",distracting
chrome.exe,"(1) NDTV - YouTube",distracting
chrome.exe,"(1) Republic World - YouTube",distracting
chrome.exe,"(1) WION - YouTube",distracting
chrome.exe,"(1) India Today - YouTube",distracting
chrome.exe,"(1) The Quint - YouTube",distracting
chrome.exe,"(1) The Economic Times - YouTube",productive
chrome.exe,"(1) Livemint - YouTube",productive
chrome.exe,"(1) Business Standard - YouTube",productive
chrome.exe,"(1) BloombergQuint - YouTube",productive
chrome.exe,"(1) CNBC-TV18 - YouTube",productive
chrome.exe,"(1) ET NOW - YouTube",productive
chrome.exe,"(1) Zee Business - YouTube",productive
chrome.exe,"(1) Zerodha Varsity",productive
chrome.exe,"(1) Groww - YouTube",productive
chrome.exe,"(1) CA Rachana Phadke Ranade - YouTube",productive
chrome.exe,"(1) Pranjal Kamra - YouTube",productive
chrome.exe,"(1) AssetYogi - YouTube",productive
chrome.exe,"(1) Labour Law Advisor - YouTube",productive
chrome.exe,"(1) Finology Legal - YouTube",productive
chrome.exe,"(1) LegalEagle - YouTube",productive
chrome.exe,"(1) Live Law - YouTube",productive
chrome.exe,"(1) Bar & Bench - YouTube",productive
chrome.exe,"(1) The Deshbhakt - YouTube",distracting
chrome.exe,"(1) Soch by Mohak Mangal - YouTube",distracting
chrome.exe,"(1) Abhi and Niyu - YouTube",distracting
chrome.exe,"(1) Think School - YouTube",productive
chrome.exe,"(1) Ankur Warikoo - YouTube",productive
chrome.exe,"(1) Shwetabh Gangwar - YouTube",distracting
chrome.exe,"(1) BeerBiceps - YouTube",distracting
chrome.exe,"(1) Fit Tuber - YouTube",distracting
chrome.exe,"(1) Gaurav Taneja (Flying Beast) - YouTube",distracting
chrome.exe,"(1) Sourav Joshi Vlogs - YouTube",distracting
chrome.exe,"(1) Mumbiker Nikhil - YouTube",distracting
chrome.exe,"(1) Technical Sagar - YouTube",distracting
chrome.exe,"(1) Sharmaji Technical - YouTube",distracting
chrome.exe,"(1) C4ETech - YouTube",distracting
chrome.exe,"(1) Geekyranjit - YouTube",distracting
chrome.exe,"(1) Beebom - YouTube",distracting
chrome.exe,"(1) TechWiser - YouTube",distracting
chrome.exe,"(1) Trakin Tech - YouTube",distracting
chrome.exe,"(1) Technology Gyan - YouTube",distracting
chrome.exe,"(1) Tech Burner - YouTube",distracting
chrome.exe,"(1) Gadgets 360 - YouTube",distracting
chrome.exe,"(1) 91mobiles - YouTube",distracting
chrome.exe,"(1) MySmartPrice - YouTube",distracting
chrome.exe,"(1) PhoneRadar - YouTube",distracting
chrome.exe,"(1) Telecom Talk - YouTube",distracting
chrome.exe,"(1) FoneArena - YouTube",distracting
chrome.exe,"(1) BGR India - YouTube",distracting
chrome.exe,"(1) Digit - YouTube",distracting
chrome.exe,"(1) PCQuest - YouTube",distracting
chrome.exe,"(1) CHIP India - YouTube",distracting
chrome.exe,"(1) T3 India - YouTube",distracting
chrome.exe,"(1) Stuff India - YouTube",distracting
chrome.exe,"(1) What Hi-Fi? India - YouTube",distracting
chrome.exe,"(1) Autocar India - YouTube",distracting
chrome.exe,"(1) PowerDrift - YouTube",distracting
chrome.exe,"(1) MotorBeam - YouTube",distracting
chrome.exe,"(1) Faisal Khan - YouTube",distracting
chrome.exe,"(1) Gagan Choudhary - YouTube",distracting
chrome.exe,"(1) ZigWheels - YouTube",distracting
chrome.exe,"(1) CarDekho - YouTube",distracting
chrome.exe,"(1) GaadiWaadi - YouTube",distracting
chrome.exe,"(1) RushLane - YouTube",distracting
chrome.exe,"(1) Team-BHP - YouTube",distracting
chrome.exe,"(1) Overdrive - YouTube",distracting
chrome.exe,"(1) Top Gear India - YouTube",distracting
chrome.exe,"(1) EVO India - YouTube",distracting
chrome.exe,"(1) MotorOctane - YouTube",distracting
chrome.exe,"(1) CarWale - YouTube",distracting
chrome.exe,"(1) BikeWale - YouTube",distracting
chrome.exe,"(1) Car and Bike - YouTube",distracting
chrome.exe,"(1) ACI - Auto Expo - YouTube",distracting
chrome.exe,"(1) Shutterdrives - YouTube",distracting
chrome.exe,"(1) Dino's Vault - YouTube",distracting
chrome.exe,"(1) The Automotive India - YouTube",distracting
chrome.exe,"(1) Indian Autos Blog - YouTube",distracting
chrome.exe,"(1) Motoroids - YouTube",distracting
chrome.exe,"(1) BikeAdvice.in - YouTube",distracting
chrome.exe,"(1) GaadiFy - YouTube",distracting
chrome.exe,"(1) The Motor Life - YouTube",distracting
chrome.exe,"(1) Throttle 97 - YouTube",distracting
chrome.exe,"(1) xBhp - YouTube",distracting
chrome.exe,"(1) Iamautomotivecrazy - YouTube",distracting
chrome.exe,"(1) The Drivers Hub - YouTube",distracting
chrome.exe,"(1) The Car Guide - YouTube",distracting
chrome.exe,"(1) MotorTrend Channel - YouTube",distracting
chrome.exe,"(1) Carwow - YouTube",distracting
chrome.exe,"(1) Doug DeMuro - YouTube",distracting
chrome.exe,"(1) TheStraightPipes - YouTube",distracting
chrome.exe,"(1) Savagegeese - YouTube",distracting
chrome.exe,"(1) EverydayDriver - YouTube",distracting
chrome.exe,"(1) TheSmokingTire - YouTube",distracting
chrome.exe,"(1) Jay Leno's Garage - YouTube",distracting
chrome.exe,"(1) ChrisFix - YouTube",productive
chrome.exe,"(1) Engineering Explained - YouTube",productive
chrome.exe,"(1) Donut Media - YouTube",distracting
chrome.exe,"(1) Mighty Car Mods - YouTube",distracting
chrome.exe,"(1) RegularCarReviews - YouTube",distracting
chrome.exe,"(1) Vehicle Virgins - YouTube",distracting
chrome.exe,"(1) Salomondrin - YouTube",distracting
chrome.exe,"(1) Tavarish - YouTube",distracting
chrome.exe,"(1) Hoovies Garage - YouTube",distracting
chrome.exe,"(1) Samcrac - YouTube",distracting
chrome.exe,"(1) B is for Build - YouTube",distracting
chrome.exe,"(1) TJ Hunt - YouTube",distracting
chrome.exe,"(1) Adam LZ - YouTube",distracting
chrome.exe,"(1) Stradman - YouTube",distracting
chrome.exe,"(1) DailyDrivenExotics - YouTube",distracting
chrome.exe,"(1) Shmee150 - YouTube",distracting
chrome.exe,"(1) Supercar Blondie - YouTube",distracting
chrome.exe,"(1) Seen Through Glass - YouTube",distracting
chrome.exe,"(1) Mr JWW - YouTube",distracting
chrome.exe,"(1) Tim Burton (Shmee150) - YouTube",distracting
chrome.exe,"(1) TheTFJJ - YouTube",distracting
chrome.exe,"(1) Gumbal - YouTube",distracting
chrome.exe,"(1) NM2255 Car HD Videos - YouTube",distracting
chrome.exe,"(1) WorldSupercars - YouTube",distracting
chrome.exe,"(1) Marchettino - YouTube",distracting
chrome.exe,"(1) 19Bozzy92 - YouTube",distracting
chrome.exe,"(1) Automotive Mike - YouTube",distracting
chrome.exe,"(1) Carspotter Jeroen - YouTube",distracting
chrome.exe,"(1) ExoticCarspotters - YouTube",distracting
chrome.exe,"(1) TheSUPERCARDRIVER - YouTube",distracting
chrome.exe,"(1) SOL - Supercars on London - YouTube",distracting
chrome.exe,"(1) Gaskings - YouTube",distracting
chrome.exe,"(1) Carfection - YouTube",distracting
chrome.exe,"(1) /DRIVE - YouTube",distracting
chrome.exe,"(1) Petrolicious - YouTube",distracting
chrome.exe,"(1) XCAR - YouTube",distracting
chrome.exe,"(1) Fifth Gear - YouTube",distracting
chrome.exe,"(1) The Grand Tour - YouTube",distracting
chrome.exe,"(1) Top Gear - YouTube",distracting
chrome.exe,"(1) The Late Show with Stephen Colbert - YouTube",distracting
chrome.exe,"(1) The Tonight Show Starring Jimmy Fallon - YouTube",distracting
chrome.exe,"(1) Jimmy Kimmel Live - YouTube",distracting
chrome.exe,"(1) The Daily Show - YouTube",distracting
chrome.exe,"(1) Last Week Tonight with John Oliver (HBO) - YouTube",distracting
chrome.exe,"(1) Saturday Night Live - YouTube",distracting
chrome.exe,"(1) Conan O'Brien Presents: Team Coco - YouTube",distracting
chrome.exe,"(1) The Ellen Show - YouTube",distracting
chrome.exe,"(1) The Graham Norton Show - YouTube",distracting
chrome.exe,"(1) The Jonathan Ross Show - YouTube",distracting
chrome.exe,"(1) The Michael McIntyre Show - YouTube",distracting
chrome.exe,"(1) 8 Out of 10 Cats Does Countdown - YouTube",distracting
chrome.exe,"(1) Taskmaster - YouTube",distracting
chrome.exe,"(1) QI - YouTube",distracting
chrome.exe,"(1) Mock the Week - YouTube",distracting
chrome.exe,"(1) Have I Got News For You - YouTube",distracting
chrome.exe,"(1) Would I Lie to You? - YouTube",distracting
chrome.exe,"(1) Big Fat Quiz - YouTube",distracting
chrome.exe,"(1) The Inbetweeners - YouTube",distracting
chrome.exe,"(1) Peep Show - YouTube",distracting
chrome.exe,"(1) The Office US - YouTube",distracting
chrome.exe,"(1) Parks and Recreation - YouTube",distracting
chrome.exe,"(1) Brooklyn Nine-Nine - YouTube",distracting
chrome.exe,"(1) Friends - YouTube",distracting
chrome.exe,"(1) Seinfeld - YouTube",distracting
chrome.exe,"(1) Curb Your Enthusiasm - YouTube",distracting
chrome.exe,"(1) Arrested Development - YouTube",distracting
chrome.exe,"(1) It's Always Sunny in Philadelphia - YouTube",distracting
chrome.exe,"(1) The Simpsons - YouTube",distracting
chrome.exe,"(1) Family Guy - YouTube",distracting
chrome.exe,"(1) South Park - YouTube",distracting
chrome.exe,"(1) Rick and Morty - YouTube",distracting
chrome.exe,"(1) BoJack Horseman - YouTube",distracting
chrome.exe,"(1) Archer - YouTube",distracting
chrome.exe,"(1) Bob's Burgers - YouTube",distracting
chrome.exe,"(1) Futurama - YouTube",distracting
chrome.exe,"(1) King of the Hill - YouTube",distracting
chrome.exe,"(1) American Dad! - YouTube",distracting
chrome.exe,"(1) The Cleveland Show - YouTube",distracting
chrome.exe,"(1) Robot Chicken - YouTube",distracting
chrome.exe,"(1) Aqua Teen Hunger Force - YouTube",distracting
chrome.exe,"(1) The Venture Bros. - YouTube",distracting
chrome.exe,"(1) Metalocalypse - YouTube",distracting
chrome.exe,"(1) Home Movies - YouTube",distracting
chrome.exe,"(1) Space Ghost Coast to Coast - YouTube",distracting
chrome.exe,"(1) Harvey Birdman, Attorney at Law - YouTube",distracting
chrome.exe,"(1) Sealab 2021 - YouTube",distracting
chrome.exe,"(1) The Brak Show - YouTube",distracting
chrome.exe,"(1) Frisky Dingo - YouTube",distracting
chrome.exe,"(1) Xavier: Renegade Angel - YouTube",distracting
chrome.exe,"(1) Tim and Eric Awesome Show, Great Job! - YouTube",distracting
chrome.exe,"(1) Check It Out! with Dr. Steve Brule - YouTube",distracting
chrome.exe,"(1) The Eric Andre Show - YouTube",distracting
chrome.exe,"(1) Loiter Squad - YouTube",distracting
chrome.exe,"(1) Black Dynamite - YouTube",distracting
chrome.exe,"(1) The Boondocks - YouTube",distracting
chrome.exe,"(1) Mike Tyson Mysteries - YouTube",distracting
chrome.exe,"(1) China, IL - YouTube",distracting
chrome.exe,"(1) Mr. Pickles - YouTube",distracting
chrome.exe,"(1) Superjail! - YouTube",distracting
chrome.exe,"(1) Ballmastrz: 9009 - YouTube",distracting
chrome.exe,"(1) Tigtone - YouTube",distracting
chrome.exe,"(1) Lazor Wulf - YouTube",distracting
chrome.exe,"(1) 12 oz. Mouse - YouTube",distracting
chrome.exe,"(1) Squidbillies - YouTube",distracting
chrome.exe,"(1) Your Pretty Face Is Going to Hell - YouTube",distracting
chrome.exe,"(1) Dream Corp LLC - YouTube",distracting
chrome.exe,"(1) Hot Streets - YouTube",distracting
chrome.exe,"(1) Tender Touches - YouTube",distracting
chrome.exe,"(1) The Shivering Truth - YouTube",distracting
chrome.exe,"(1) JJ Villard's Fairy Tales - YouTube",distracting
chrome.exe,"(1) YOLO: Crystal Fantasy - YouTube",distracting
chrome.exe,"(1) Smiling Friends - YouTube",distracting
chrome.exe,"(1) Birdgirl - YouTube",distracting
chrome.exe,"(1) Teenage Euthanasia - YouTube",distracting
chrome.exe,"(1) Royal Crackers - YouTube",distracting
chrome.exe,"(1) Primal - YouTube",distracting
chrome.exe,"(1) Samurai Jack - YouTube",distracting
chrome.exe,"(1) The Powerpuff Girls - YouTube",distracting
chrome.exe,"(1) Dexter's Laboratory - YouTube",distracting
chrome.exe,"(1) Johnny Bravo - YouTube",distracting
chrome.exe,"(1) Cow and Chicken - YouTube",distracting
chrome.exe,"(1) I Am Weasel - YouTube",distracting
chrome.exe,"(1) Ed, Edd n Eddy - YouTube",distracting
chrome.exe,"(1) Courage the Cowardly Dog - YouTube",distracting
chrome.exe,"(1) The Grim Adventures of Billy & Mandy - YouTube",distracting
chrome.exe,"(1) Codename: Kids Next Door - YouTube",distracting
chrome.exe,"(1) Foster's Home for Imaginary Friends - YouTube",distracting
chrome.exe,"(1) Camp Lazlo - YouTube",distracting
chrome.exe,"(1) My Gym Partner's a Monkey - YouTube",distracting
chrome.exe,"(1) Chowder - YouTube",distracting
chrome.exe,"(1) The Marvelous Misadventures of Flapjack - YouTube",distracting
chrome.exe,"(1) Adventure Time - YouTube",distracting
chrome.exe,"(1) Regular Show - YouTube",distracting
chrome.exe,"(1) The Amazing World of Gumball - YouTube",distracting
chrome.exe,"(1) Steven Universe - YouTube",distracting
chrome.exe,"(1) We Bare Bears - YouTube",distracting
chrome.exe,"(1) OK K.O.! Let's Be Heroes - YouTube",distracting
chrome.exe,"(1) Craig of the Creek - YouTube",distracting
chrome.exe,"(1) Summer Camp Island - YouTube",distracting
chrome.exe,"(1) Victor and Valentino - YouTube",distracting
chrome.exe,"(1) Mao Mao: Heroes of Pure Heart - YouTube",distracting
chrome.exe,"(1) Infinity Train - YouTube",distracting
chrome.exe,"(1) Close Enough - YouTube",distracting
chrome.exe,"(1) Tig n' Seek - YouTube",distracting
chrome.exe,"(1) The Fungies! - YouTube",distracting
chrome.exe,"(1) Elliott from Earth - YouTube",distracting
chrome.exe,"(1) We Baby Bears - YouTube",distracting
chrome.exe,"(1) Jellystone! - YouTube",distracting
chrome.exe,"(1) Aquaman: King of Atlantis - YouTube",distracting
chrome.exe,"(1) Gremlins: Secrets of the Mogwai - YouTube",distracting
chrome.exe,"(1) My Adventures with Superman - YouTube",distracting
chrome.exe,"(1) Tiny Toons Looniversity - YouTube",distracting
chrome.exe,"(1) Invincible - YouTube",distracting
chrome.exe,"(1) The Legend of Vox Machina - YouTube",distracting
chrome.exe,"(1) The Boys Presents: Diabolical - YouTube",distracting
chrome.exe,"(1) Scavengers Reign - YouTube",distracting
chrome.exe,"(1) Hazbin Hotel - YouTube",distracting
chrome.exe,"(1) Helluva Boss - YouTube",distracting
chrome.exe,"(1) Lackadaisy - YouTube",distracting
chrome.exe,"(1) The Amazing Digital Circus - YouTube",distracting
chrome.exe,"(1) Murder Drones - YouTube",distracting
chrome.exe,"(1) Meta Runner - YouTube",distracting
chrome.exe,"(1) Sunset Paradise - YouTube",distracting
chrome.exe,"(1) SMG4 - YouTube",distracting
chrome.exe,"(1) hbomberguy - YouTube",distracting
chrome.exe,"(1) ContraPoints - YouTube",distracting
chrome.exe,"(1) Philosophy Tube - YouTube",distracting
chrome.exe,"(1) Innuendo Studios - YouTube",distracting
chrome.exe,"(1) Shaun - YouTube",distracting
chrome.exe,"(1) Big Joel - YouTube",distracting
chrome.exe,"(1) Three Arrows - YouTube",distracting
chrome.exe,"(1) Vaush - YouTube",distracting
chrome.exe,"(1) The Majority Report w/ Sam Seder - YouTube",distracting
chrome.exe,"(1) The Young Turks - YouTube",distracting
chrome.exe,"(1) Secular Talk - YouTube",distracting
chrome.exe,"(1) The David Pakman Show - YouTube",distracting
chrome.exe,"(1) The Humanist Report - YouTube",distracting
chrome.exe,"(1) The Rational National - YouTube",distracting
chrome.exe,"(1) The Progressive Voice - YouTube",distracting
chrome.exe,"(1) The Serfs - YouTube",distracting
chrome.exe,"(1) Some More News - YouTube",distracting
chrome.exe,"(1) Beau of the Fifth Column - YouTube",distracting
chrome.exe,"(1) The Gravel Institute - YouTube",distracting
chrome.exe,"(1) Second Thought - YouTube",productive
chrome.exe,"(1) Hakim - YouTube",productive
chrome.exe,"(1) YUGOPNIK - YouTube",productive
chrome.exe,"(1) The Finnish Bolshevik - YouTube",productive
chrome.exe,"(1) Paul Morphy - YouTube",productive
chrome.exe,"(1) The Marxist Project - YouTube",productive
chrome.exe,"(1) Red Plateaus - YouTube",productive
chrome.exe,"(1) Prolekult - YouTube",productive
chrome.exe,"(1) The Revolutionary Left - YouTube",productive
chrome.exe,"(1) The Communist Manifesto - YouTube",productive
chrome.exe,"(1) The Socialist Programme - YouTube",productive
chrome.exe,"(1) The Red Review - YouTube",productive
chrome.exe,"(1) The People's School - YouTube",productive
chrome.exe,"(1) The Marxist-Leninist - YouTube",productive
chrome.exe,"(1) The Vanguard - YouTube",productive
chrome.exe,"(1) The Proletariat - YouTube",productive
chrome.exe,"(1) The Internationale - YouTube",productive
chrome.exe,"(1) The Red Flag - YouTube",productive
chrome.exe,"(1) The Hammer and Sickle - YouTube",productive
chrome.exe,"(1) The Soviet Union - YouTube",productive
chrome.exe,"(1) The USSR - YouTube",productive
chrome.exe,"(1) The Cold War - YouTube",productive
chrome.exe,"(1) The Vietnam War - YouTube",productive
chrome.exe,"(1) The Korean War - YouTube",productive
chrome.exe,"(1) The Cuban Missile Crisis - YouTube",productive
chrome.exe,"(1) The Space Race - YouTube",productive
chrome.exe,"(1) The Berlin Wall - YouTube",productive
chrome.exe,"(1) The Iron Curtain - YouTube",productive
chrome.exe,"(1) The Red Scare - YouTube",productive
chrome.exe,"(1) McCarthyism - YouTube",productive
chrome.exe,"(1) The House Un-American Activities Committee - YouTube",productive
chrome.exe,"(1) The Hollywood Blacklist - YouTube",productive
chrome.exe,"(1) The Lavender Scare - YouTube",productive
chrome.exe,"(1) The Civil Rights Movement - YouTube",productive
chrome.exe,"(1) The Black Panther Party - YouTube",productive
chrome.exe,"(1) The Weather Underground - YouTube",productive
chrome.exe,"(1) The Students for a Democratic Society - YouTube",productive
chrome.exe,"(1) The New Left - YouTube",productive
chrome.exe,"(1) The Counterculture of the 1960s - YouTube",productive
chrome.exe,"(1) The Hippie Movement - YouTube",productive
chrome.exe,"(1) The Summer of Love - YouTube",productive
chrome.exe,"(1) Woodstock - YouTube",productive
chrome.exe,"(1) The Anti-War Movement - YouTube",productive
chrome.exe,"(1) The Feminist Movement - YouTube",productive
chrome.exe,"(1) The Gay Liberation Movement - YouTube",productive
chrome.exe,"(1) The Stonewall Riots - YouTube",productive
chrome.exe,"(1) The American Indian Movement - YouTube",productive
chrome.exe,"(1) The Chicano Movement - YouTube",productive
chrome.exe,"(1) The Asian American Movement - YouTube",productive
chrome.exe,"(1) The Environmental Movement - YouTube",productive
chrome.exe,"(1) The Consumer Movement - YouTube",productive
chrome.exe,"(1) The Disability Rights Movement - YouTube",productive
chrome.exe,"(1) The Conservative Movement - YouTube",productive
chrome.exe,"(1) The New Right - YouTube",productive
chrome.exe,"(1) The Reagan Revolution - YouTube",productive
chrome.exe,"(1) The War on Drugs - YouTube",productive
chrome.exe,"(1) The AIDS Crisis - YouTube",productive
chrome.exe,"(1) The End of the Cold War - YouTube",productive
chrome.exe,"(1) The Fall of the Berlin Wall - YouTube",productive
chrome.exe,"(1) The Dissolution of the Soviet Union - YouTube",productive
chrome.exe,"(1) The Gulf War - YouTube",productive
chrome.exe,"(1) The 1990s - YouTube",productive
chrome.exe,"(1) The Dot-com Bubble - YouTube",productive
chrome.exe,"(1) The War on Terror - YouTube",productive
chrome.exe,"(1) The September 11 attacks - YouTube",productive
chrome.exe,"(1) The War in Afghanistan - YouTube",productive
chrome.exe,"(1) The Iraq War - YouTube",productive
chrome.exe,"(1) The Great Recession - YouTube",productive
chrome.exe,"(1) The Obama Presidency - YouTube",productive
chrome.exe,"(1) The Arab Spring - YouTube",productive
chrome.exe,"(1) The Syrian Civil War - YouTube",productive
chrome.exe,"(1) The Rise of ISIS - YouTube",productive
chrome.exe,"(1) The European Migrant Crisis - YouTube",productive
chrome.exe,"(1) The Brexit Referendum - YouTube",productive
chrome.exe,"(1) The Trump Presidency - YouTube",productive
chrome.exe,"(1) The COVID-19 Pandemic - YouTube",productive
chrome.exe,"(1) The Black Lives Matter Movement - YouTube",productive
chrome.exe,"(1) The 2020 United States Presidential Election - YouTube",productive
chrome.exe,"(1) The 2021 United States Capitol attack - YouTube",productive
chrome.exe,"(1) The Biden Presidency - YouTube",productive
chrome.exe,"(1) The 2022 Russian invasion of Ukraine - YouTube",productive
chrome.exe,"(1) The 2023 Israel–Hamas war - YouTube",productive
chrome.exe,"(1) The Future of Humanity - YouTube",productive
chrome.exe,"(1) The Future of Artificial Intelligence - YouTube",productive
chrome.exe,"(1) The Future of Space Exploration - YouTube",productive
chrome.exe,"(1) The Future of Climate Change - YouTube",productive
chrome.exe,"(1) The Future of Democracy - YouTube",productive
chrome.exe,"(1) The Future of Capitalism - YouTube",productive
chrome.exe,"(1) The Future of Socialism - YouTube",productive
chrome.exe,"(1) The Future of Communism - YouTube",productive
chrome.exe,"(1) The Future of Anarchism - YouTube",productive
chrome.exe,"(1) The Future of Fascism - YouTube",productive
chrome.exe,"(1) The Future of Nationalism - YouTube",productive
chrome.exe,"(1) The Future of Globalism - YouTube",productive
chrome.exe,"(1) The Future of Religion - YouTube",productive
chrome.exe,"(1) The Future of Science - YouTube",productive
chrome.exe,"(1) The Future of Technology - YouTube",productive
chrome.exe,"(1) The Future of Art - YouTube",productive
chrome.exe,"(1) The Future of Music - YouTube",productive
chrome.exe,"(1) The Future of Literature - YouTube",productive
chrome.exe,"(1) The Future of Film - YouTube",productive
chrome.exe,"(1) The Future of Television - YouTube",productive
chrome.exe,"(1) The Future of Video Games - YouTube",productive
chrome.exe,"(1) The Future of the Internet - YouTube",productive
chrome.exe,"(1) The Future of Social Media - YouTube",productive
chrome.exe,"(1) The Future of Education - YouTube",productive
chrome.exe,"(1) The Future of Work - YouTube",productive
chrome.exe,"(1) The Future of Health - YouTube",productive
chrome.exe,"(1) The Future of Food - YouTube",productive
chrome.exe,"(1) The Future of Transportation - YouTube",productive
chrome.exe,"(1) The Future of Energy - YouTube",productive
chrome.exe,"(1) The Future of the Environment - YouTube",productive
chrome.exe,"(1) The Future of War - YouTube",productive
chrome.exe,"(1) The Future of Peace - YouTube",productive
chrome.exe,"(1) The Future of the Family - YouTube",productive
chrome.exe,"(1) The Future of Gender - YouTube",productive
chrome.exe,"(1) The Future of Sexuality - YouTube",productive
chrome.exe,"(1) The Future of Race - YouTube",productive
chrome.exe,"(1) The Future of Class - YouTube",productive
chrome.exe,"(1) The Future of Identity - YouTube",productive
chrome.exe,"(1) The Future of the Self - YouTube",productive
chrome.exe,"(1) The Future of Consciousness - YouTube",productive
chrome.exe,"(1) The Future of Reality - YouTube",productive
chrome.exe,"(1) The Future of Truth - YouTube",productive
chrome.exe,"(1) The Future of Meaning - YouTube",productive
chrome.exe,"(1) The Future of Happiness - YouTube",productive
chrome.exe,"(1) The Future of Love - YouTube",productive
chrome.exe,"(1) The Future of Death - YouTube",productive
chrome.exe,"(1) The Future of the Universe - YouTube",productive
chrome.exe,"(1) The Future of Everything - YouTube",productive
chrome.exe,GitHub - openai/whisper: Speech recognition,productive
chrome.exe,Khan Academy - Algebra Fundamentals,productive
chrome.exe,Wikipedia - Dynamic programming,productive
chrome.exe,Stack Overflow - How to fix segmentation fault,productive
chrome.exe,Hugging Face - sentence-transformers,productive
chrome.exe,Google Docs - Assignment Draft,productive
chrome.exe,Coursera - Neural Networks Course,productive
chrome.exe,Udemy - Complete JavaScript Bootcamp,productive
chrome.exe,CS50 Harvard - Intro to Computer Science Lecture,productive
Code.exe,project.cpp - Visual Studio Code,productive
Code.exe,analysis.ipynb - Jupyter Notebook,productive
WINWORD.exe,Research Paper.docx - Microsoft Word,productive
EXCEL.exe,Data Analysis.xlsx - Microsoft Excel,productive
MATLAB.exe,Signal Processing Toolbox,productive
chrome.exe,YouTube - Data Structures Tutorial,productive
chrome.exe,YouTube - UPSC Preparation Lecture,productive
chrome.exe,YouTube - Engineering Thermodynamics Lecture,productive
chrome.exe,YouTube - CS50 Week 1,productive
chrome.exe,YouTube - Funny prank compilation,distracting
chrome.exe,YouTube - Gaming highlights stream,distracting
chrome.exe,YouTube - Top 10 funny cat videos,distracting
chrome.exe,Netflix - Anime series,distracting
chrome.exe,Facebook - Home,distracting
chrome.exe,Instagram - Explore tab,distracting
chrome.exe,Reddit - r/funny,distracting
chrome.exe,Spotify - Your Daily Mix,distracting
chrome.exe,TikTok - Trending Videos,distracting
Steam.exe,Counter-Strike 2,distracting
Discord.exe,General Chat - Discord,distracting
chrome.exe,YouTube - Funny Cat Compilation,distracting
chrome.exe,YouTube - Music Video 2025,distracting
chrome.exe,YouTube - Top 10 Fails,distracting
chrome.exe,YouTube - Gaming Live Stream,distracting
chrome.exe,YouTube - Motivational Speech,uncertain
chrome.exe,YouTube - TEDx Talk,uncertain
chrome.exe,YouTube - Lo-fi Study Beats,uncertain
chrome.exe,YouTube - Unboxing Video,uncertain
chrome.exe,News - BBC World updates,uncertain
chrome.exe,Outlook - Calendar Reminder,uncertain
chrome.exe,Medium - Article on Data Science,uncertain
chrome.exe,Wikipedia - Celebrity biography,uncertain
chrome.exe,New Tab,uncertain
Zoom.exe,Zoom Meeting - Semester Overview Lecture,uncertain
Slack.exe,General Channel - Slack,uncertain
Teams.exe,Weekly Sync Meeting,uncertain
chrome.exe,GitHub - tensorflow/tensorflow,productive
chrome.exe,GitHub - huggingface/transformers,productive
chrome.exe,Google Docs - Project Plan,productive
Code.exe,main.py - Visual Studio Code,productive
chrome.exe,LeetCode - Binary Tree Problem,productive
chrome.exe,HackerRank - SQL Challenge,productive
chrome.exe,Stack Overflow - Python list comprehension,productive
chrome.exe,Wikipedia - Machine learning,productive
chrome.exe,YouTube - Algorithms Lecture,productive
chrome.exe,YouTube - Java OOP Tutorial,productive
chrome.exe,YouTube - UPSC Economy Lecture,productive
chrome.exe,YouTube - NPTEL Signals and Systems,productive
chrome.exe,YouTube - IIT Physics Lecture,productive
chrome.exe,YouTube - Funny Dog Compilation,distracting
chrome.exe,YouTube - Prank Wars,distracting
chrome.exe,YouTube - Music Concert,distracting
chrome.exe,YouTube - PUBG Highlights,distracting
chrome.exe,Netflix - Movie Night,distracting
chrome.exe,Reddit - r/memes,distracting
chrome.exe,Facebook - Notifications,distracting
chrome.exe,Instagram - Stories,distracting
chrome.exe,Spotify - Top Hits,distracting
chrome.exe,TikTok - Viral Dance,distracting
chrome.exe,YouTube - Motivational Speech by Elon Musk,uncertain
chrome.exe,YouTube - TED Talk Education Future,uncertain
chrome.exe,YouTube - Lo-fi Beats to Study,uncertain
chrome.exe,YouTube - Daily Vlog,uncertain
chrome.exe,News - Times of India,uncertain
chrome.exe,Outlook - Inbox,uncertain
chrome.exe,Slack - Project Chat,uncertain
chrome.exe,Teams - Team Updates,uncertain
chrome.exe,Wikipedia - Filmography,uncertain
chrome.exe,Medium - Travel Blog,uncertain
chrome.exe,Google Docs - Thesis Draft,productive
chrome.exe,Coursera - Data Science Specialization,productive
chrome.exe,Udemy - C++ Programming Masterclass,productive
chrome.exe,CS50 Harvard - Week 3 Lecture,productive
Code.exe,final_project.py - Visual Studio Code,productive
EXCEL.exe,Grades.xlsx - Microsoft Excel,productive
MATLAB.exe,Image Processing Toolbox,productive
chrome.exe,LeetCode - Dynamic Programming,productive
chrome.exe,Stack Overflow - Java NullPointerException,productive
chrome.exe,GitHub - pytorch/pytorch,productive
chrome.exe,Wikipedia - Neural Networks,productive
chrome.exe,YouTube - Machine Learning Crash Course,productive
chrome.exe,YouTube - UPSC Polity Lecture,productive
chrome.exe,YouTube - Calculus Lecture 1,productive
chrome.exe,YouTube - Harvard CS50 Q&A,productive
chrome.exe,YouTube - Funny Prank Videos,distracting
chrome.exe,YouTube - Music Video 2025,distracting
chrome.exe,YouTube - Gaming Highlights,distracting
chrome.exe,YouTube - Dance Compilation,distracting
chrome.exe,Netflix - Comedy Special,distracting
chrome.exe,Reddit - r/technology,uncertain
chrome.exe,Facebook - Groups,distracting
chrome.exe,Instagram - Reels,distracting
chrome.exe,Spotify - Chill Beats,distracting
chrome.exe,TikTok - Short Memes,distracting
chrome.exe,YouTube - Motivational Talk on Productivity,uncertain
chrome.exe,YouTube - TED Talk on AI Ethics,uncertain
chrome.exe,YouTube - Lo-fi Music to Relax,uncertain
chrome.exe,YouTube - Vlog - Day in My Life,uncertain
chrome.exe,News - The Hindu,uncertain
chrome.exe,Outlook - Drafts,uncertain
chrome.exe,Slack - Direct Message,uncertain
chrome.exe,Teams - Class Notes,uncertain
chrome.exe,Wikipedia - Art History,uncertain
chrome.exe,Medium - Startup Story,uncertain
chrome.exe,Google Docs - Group Project Notes,productive
chrome.exe,Coursera - Deep Learning Specialization,productive
chrome.exe,Udemy - Java Programming Basics,productive
chrome.exe,CS50 Harvard - Week 5 Lecture,productive
Code.exe,ml_model.py - Visual Studio Code,productive
EXCEL.exe,Financial_Analysis.xlsx - Microsoft Excel,productive
MATLAB.exe,Control Systems Toolbox,productive
chrome.exe,LeetCode - Linked List Problem,productive
chrome.exe,HackerRank - C++ STL Quiz,productive
chrome.exe,Stack Overflow - IndexError in Python,productive
chrome.exe,Wikipedia - Operating System Concepts,productive
chrome.exe,YouTube - Compiler Design Lecture,productive
chrome.exe,YouTube - Data Science Crash Course,productive
chrome.exe,YouTube - UPSC History Lecture,productive
chrome.exe,YouTube - IIT Chemistry Lecture,productive
chrome.exe,YouTube - DBMS NPTEL Lecture,productive
chrome.exe,YouTube - Funny Vine Compilation,distracting
chrome.exe,YouTube - Gaming Stream Highlights,distracting
chrome.exe,YouTube - Latest Bollywood Songs,distracting
chrome.exe,YouTube - Prank Show,distracting
chrome.exe,Netflix - TV Drama,distracting
chrome.exe,Reddit - r/movies,distracting
chrome.exe,Facebook - Events,distracting
chrome.exe,Instagram - Profile Feed,distracting
chrome.exe,Spotify - Rap Playlist,distracting
chrome.exe,TikTok - Trending Challenges,distracting
chrome.exe,YouTube - Inspirational Speech,uncertain
chrome.exe,YouTube - TED Talk: Future of Work,uncertain
chrome.exe,YouTube - Study Music Mix,uncertain
chrome.exe,YouTube - Unboxing Tech Gadgets,uncertain
chrome.exe,News - Indian Express,uncertain
chrome.exe,Outlook - Sent Items,uncertain
chrome.exe,Slack - Notifications,uncertain
chrome.exe,Teams - Quick Chat,uncertain
chrome.exe,Wikipedia - Sports Biography,uncertain
chrome.exe,Medium - Health Tips,uncertain
chrome.exe,Google Docs - Lab Report,productive
chrome.exe,Coursera - Algorithms Course,productive
chrome.exe,Udemy - Data Structures and Algorithms,productive
chrome.exe,CS50 Harvard - Week 7 Lecture,productive
Code.exe,project_analysis.ipynb - Visual Studio Code,productive
EXCEL.exe,Budget_2025.xlsx - Microsoft Excel,productive
MATLAB.exe,Statistics Toolbox,productive
chrome.exe,LeetCode - Graph Theory Problem,productive
chrome.exe,HackerRank - Java OOP Test,productive
chrome.exe,Stack Overflow - Segmentation Fault C,productive
chrome.exe,Wikipedia - Artificial Intelligence,productive
chrome.exe,YouTube - Cloud Computing Lecture,productive
chrome.exe,YouTube - Linear Algebra Crash Course,productive
chrome.exe,YouTube - UPSC Geography Lecture,productive
chrome.exe,YouTube - IIT Maths Lecture,productive
chrome.exe,YouTube - Computer Networks NPTEL,productive
chrome.exe,YouTube - Meme Compilation,distracting
chrome.exe,YouTube - TikTok Funny Videos,distracting
chrome.exe,YouTube - Pop Music Playlist,distracting
chrome.exe,YouTube - Esports Highlights,distracting
chrome.exe,Netflix - Action Movie,distracting
chrome.exe,Reddit - r/jokes,distracting
chrome.exe,Facebook - Timeline,distracting
chrome.exe,Instagram - Comments,distracting
chrome.exe,Spotify - Party Hits,distracting
chrome.exe,TikTok - Short Comedy,distracting
chrome.exe,YouTube - Motivational Talk for Students,uncertain
chrome.exe,YouTube - TED Talk: Climate Change,uncertain
chrome.exe,YouTube - Study Ambience Music,uncertain
chrome.exe,YouTube - Tech Vlog,uncertain
chrome.exe,News - Deccan Herald,uncertain
chrome.exe,Outlook - Meeting Reminder,uncertain
chrome.exe,Slack - Workspace Chat,uncertain
chrome.exe,Teams - Standup Meeting,uncertain
chrome.exe,Wikipedia - Musician Profile,uncertain
chrome.exe,Medium - Book Review,uncertain
chrome.exe,Google Docs - Research Notes,productive
chrome.exe,Coursera - Machine Learning by Andrew Ng,productive
chrome.exe,Udemy - Python Programming Course,productive
chrome.exe,CS50 Harvard - Week 9 Lecture,productive
Code.exe,ai_project.py - Visual Studio Code,productive
EXCEL.exe,Survey_Data.xlsx - Microsoft Excel,productive
MATLAB.exe,Deep Learning Toolbox,productive
chrome.exe,LeetCode - Dynamic Programming Problem,productive
chrome.exe,HackerRank - SQL Queries,productive
chrome.exe,Stack Overflow - TypeError in JavaScript,productive
chrome.exe,Wikipedia - Data Structures,productive
chrome.exe,YouTube - Operating Systems Lecture,productive
chrome.exe,YouTube - Database Management Lecture,productive
chrome.exe,YouTube - UPSC Polity Lecture,productive
chrome.exe,YouTube - IIT Biology Lecture,productive
chrome.exe,YouTube - Compiler Design NPTEL,productive
chrome.exe,YouTube - Funny Animal Videos,distracting
chrome.exe,YouTube - Standup Comedy,distracting
chrome.exe,YouTube - Music Mix 2025,distracting
chrome.exe,YouTube - Game Walkthrough,distracting
chrome.exe,Netflix - Thriller Series,distracting
chrome.exe,Reddit - r/news,uncertain
chrome.exe,Facebook - Marketplace,distracting
chrome.exe,Instagram - Feed Scroll,distracting
chrome.exe,Spotify - Pop Hits,distracting
chrome.exe,TikTok - Meme Clips,distracting
chrome.exe,YouTube - Motivational Lecture,uncertain
chrome.exe,YouTube - TED Talk Science,uncertain
chrome.exe,YouTube - Focus Study Music,uncertain
chrome.exe,YouTube - Daily Tech Vlog,uncertain
chrome.exe,News - Economic Times,uncertain
chrome.exe,Outlook - Work Mail,uncertain
chrome.exe,Slack - Random Channel,uncertain
chrome.exe,Teams - Group Chat,uncertain
chrome.exe,Wikipedia - Movie Review,uncertain
chrome.exe,Medium - Opinion Piece,uncertain
chrome.exe,Google Docs - Group Assignment,productive
chrome.exe,Coursera - Cloud Computing Specialization,productive
chrome.exe,Udemy - Web Development Bootcamp,productive
chrome.exe,CS50 Harvard - Final Project Lecture,productive
Code.exe,final_report.ipynb - Visual Studio Code,productive
EXCEL.exe,Project_Timeline.xlsx - Microsoft Excel,productive
MATLAB.exe,Image Processing Project,productive
chrome.exe,LeetCode - Backtracking Problem,productive
chrome.exe,HackerRank - Python Test,productive
chrome.exe,Stack Overflow - NullPointer Exception,productive
chrome.exe,Wikipedia - Software Engineering,productive
chrome.exe,YouTube - AI Basics Lecture,productive
chrome.exe,YouTube - Linear Regression Tutorial,productive
chrome.exe,YouTube - UPSC Sociology Lecture,productive
chrome.exe,YouTube - IIT Electrical Engineering Lecture,productive
chrome.exe,YouTube - Compiler Design Lecture,productive
chrome.exe,YouTube - Comedy Sketches,distracting
chrome.exe,YouTube - Dance Music Video,distracting
chrome.exe,YouTube - Esports Tournament,distracting
chrome.exe,YouTube - Prank Compilation,distracting
chrome.exe,Netflix - Romantic Movie,distracting
chrome.exe,Reddit - r/gaming,distracting
chrome.exe,Facebook - News Feed,distracting
chrome.exe,Instagram - Stories View,distracting
chrome.exe,Spotify - Workout Playlist,distracting
chrome.exe,TikTok - Trending Reels,distracting
chrome.exe,YouTube - Self Improvement Talk,uncertain
chrome.exe,YouTube - TED Talk Leadership,uncertain
chrome.exe,YouTube - Relaxing Study Music,uncertain
chrome.exe,YouTube - Tech Gadget Review,uncertain
chrome.exe,News - Hindustan Times,uncertain
chrome.exe,Outlook - Draft Reply,uncertain
chrome.exe,Slack - Team Chat,uncertain
chrome.exe,Teams - Quick Call,uncertain
chrome.exe,Wikipedia - Sports History,uncertain
chrome.exe,Medium - Lifestyle Blog,uncertain
chrome.exe,Google Docs - Final Year Report,productive
chrome.exe,Coursera - Data Structures Course,productive
chrome.exe,Udemy - Java Full Course,productive
chrome.exe,CS50 Harvard - Review Session,productive
Code.exe,deep_learning.py - Visual Studio Code,productive
EXCEL.exe,Exam_Scores.xlsx - Microsoft Excel,productive
MATLAB.exe,Control System Design,productive
chrome.exe,LeetCode - Sorting Problem,productive
chrome.exe,HackerRank - JavaScript Quiz,productive
chrome.exe,Stack Overflow - AttributeError in Python,productive
chrome.exe,Wikipedia - Computer Science,productive
chrome.exe,YouTube - Distributed Systems Lecture,productive
chrome.exe,YouTube - Probability Crash Course,productive
chrome.exe,YouTube - UPSC History Lecture,productive
chrome.exe,YouTube - IIT Mechanical Lecture,productive
chrome.exe,YouTube - Data Mining NPTEL Lecture,productive
chrome.exe,YouTube - Meme Compilation 2025,distracting
chrome.exe,YouTube - Movie Trailer,distracting
chrome.exe,YouTube - Pop Music 2025,distracting
chrome.exe,YouTube - Game Stream Highlights,distracting
chrome.exe,Netflix - Documentary,distracting
chrome.exe,Reddit - r/books,uncertain
chrome.exe,Facebook - Messenger,distracting
chrome.exe,Instagram - Comments Section,distracting
chrome.exe,Spotify - Jazz Playlist,distracting
chrome.exe,TikTok - Dance Videos,distracting
chrome.exe,YouTube - Inspirational Talk on Success,uncertain
chrome.exe,YouTube - TED Talk Innovation,uncertain
chrome.exe,YouTube - Focus Beats for Studying,uncertain
chrome.exe,YouTube - Daily Lifestyle Vlog,uncertain
chrome.exe,News - NDTV India,uncertain
chrome.exe,Outlook - Task Reminder,uncertain
chrome.exe,Slack - Engineering Channel,uncertain
chrome.exe,Teams - Weekly Update,uncertain
chrome.exe,Wikipedia - Actor Profile,uncertain
chrome.exe,Medium - Personal Finance Blog,uncertain
chrome.exe,Google Docs - Dissertation Draft,productive
chrome.exe,Coursera - AI for Everyone,productive
chrome.exe,Udemy - React Development Course,productive
chrome.exe,CS50 Harvard - Week 10 Lecture,productive
Code.exe,web_app.js - Visual Studio Code,productive
EXCEL.exe,Expense_Report.xlsx - Microsoft Excel,productive
MATLAB.exe,Signal Analysis Project,productive
chrome.exe,LeetCode - Dynamic Arrays,productive
chrome.exe,HackerRank - C Quiz,productive
chrome.exe,Stack Overflow - Runtime Error C++,productive
chrome.exe,Wikipedia - Computer Architecture,productive
chrome.exe,YouTube - NLP Crash Course,productive
chrome.exe,YouTube - Graph Theory Lecture,productive
chrome.exe,YouTube - UPSC Current Affairs Lecture,productive
chrome.exe,YouTube - IIT Civil Engineering Lecture,productive
chrome.exe,YouTube - Neural Networks NPTEL Lecture,productive
chrome.exe,YouTube - Comedy Show Clips,distracting
chrome.exe,YouTube - Gaming Montages,distracting
chrome.exe,YouTube - Bollywood Songs Playlist,distracting
chrome.exe,YouTube - Hidden Camera Pranks,distracting
chrome.exe,Netflix - Crime Series,distracting
chrome.exe,Reddit - r/science,uncertain
chrome.exe,Facebook - Notifications Tab,distracting
chrome.exe,Instagram - DM Chat,distracting
chrome.exe,Spotify - Chillout Mix,distracting
chrome.exe,TikTok - Meme Compilation,distracting
chrome.exe,YouTube - Personal Growth Talk,uncertain
chrome.exe,YouTube - TED Talk Environment,uncertain
chrome.exe,YouTube - Ambient Study Playlist,uncertain
chrome.exe,YouTube - Tech Review Unboxing,uncertain
chrome.exe,News - Financial Express,uncertain
chrome.exe,Outlook - Draft Mail,uncertain
chrome.exe,Slack - Notifications Tab,uncertain
chrome.exe,Teams - Chat Window,uncertain
chrome.exe,Wikipedia - Literature Page,uncertain
chrome.exe,Medium - Food Blog,uncertain
chrome.exe,Google Docs - Notes for UPSC,productive
chrome.exe,Coursera - Computer Vision Specialization,productive
chrome.exe,Udemy - Cybersecurity Fundamentals,productive
chrome.exe,CS50 Harvard - Exam Review Session,productive
Code.exe,simulation.cpp - Visual Studio Code,productive
EXCEL.exe,Attendance_Sheet.xlsx - Microsoft Excel,productive
MATLAB.exe,Optimization Toolbox,productive
chrome.exe,LeetCode - Recursion Problem,productive
chrome.exe,HackerRank - SQL Test,productive
chrome.exe,Stack Overflow - Memory Leak in C,productive
chrome.exe,Wikipedia - Compiler Theory,productive
chrome.exe,YouTube - Cloud Security Lecture,productive
chrome.exe,YouTube - Probability Theory Lecture,productive
chrome.exe,YouTube - UPSC Ethics Lecture,productive
chrome.exe,YouTube - IIT Chemistry Lab Lecture,productive
chrome.exe,YouTube - Cybersecurity NPTEL Lecture,productive
chrome.exe,YouTube - Meme Shorts,distracting
chrome.exe,YouTube - Music Hits,distracting
chrome.exe,YouTube - Esports Gaming,distracting
chrome.exe,YouTube - Prank Reactions,distracting
chrome.exe,Netflix - Family Drama,distracting
chrome.exe,Reddit - r/india,uncertain
chrome.exe,Facebook - Friends Feed,distracting
chrome.exe,Instagram - Story Highlights,distracting
chrome.exe,Spotify - Rock Playlist,distracting
chrome.exe,TikTok - Trending Skits,distracting
chrome.exe,YouTube - Self Development Talk,uncertain
chrome.exe,YouTube - TED Talk Education,uncertain
chrome.exe,YouTube - Study Mix Beats,uncertain
chrome.exe,YouTube - Tech Review Vlog,uncertain
chrome.exe,News - Business Standard,uncertain
chrome.exe,Outlook - Junk Mail,uncertain
chrome.exe,Slack - Private Channel,uncertain
chrome.exe,Teams - Lecture Notes,uncertain
chrome.exe,Wikipedia - Actor Biography,uncertain
chrome.exe,Medium - Startup Case Study,uncertain
chrome.exe,Google Docs - Project Report,productive
chrome.exe,Coursera - Data Analysis with Python,productive
chrome.exe,Udemy - Kotlin for Beginners,productive
chrome.exe,CS50 Harvard - Recap Lecture,productive
Code.exe,stats_analysis.py - Visual Studio Code,productive
EXCEL.exe,Marks_Register.xlsx - Microsoft Excel,productive
MATLAB.exe,Robotics Toolbox,productive
chrome.exe,LeetCode - String Matching,productive
chrome.exe,HackerRank - Algorithms Quiz,productive
chrome.exe,Stack Overflow - SyntaxError Python,productive
chrome.exe,Wikipedia - Database Systems,productive
chrome.exe,YouTube - Distributed Computing Lecture,productive
chrome.exe,YouTube - Statistics Crash Course,productive
chrome.exe,YouTube - UPSC International Relations Lecture,productive
chrome.exe,YouTube - IIT Physics Lab Lecture,productive
chrome.exe,YouTube - Machine Learning NPTEL,productive
chrome.exe,YouTube - Prank Compilation 2025,distracting
chrome.exe,YouTube - Dance Cover,distracting
chrome.exe,YouTube - Gaming Stream 2025,distracting
chrome.exe,YouTube - Meme Reactions,distracting
chrome.exe,Netflix - Fantasy Movie,distracting
chrome.exe,Reddit - r/worldnews,uncertain
chrome.exe,Facebook - Photos Tab,distracting
chrome.exe,Instagram - Explore Page,distracting
chrome.exe,Spotify - Electronic Playlist,distracting
chrome.exe,TikTok - Trending Pranks,distracting
chrome.exe,YouTube - Motivational Session,uncertain
chrome.exe,YouTube - TED Talk Healthcare,uncertain
chrome.exe,YouTube - Lo-fi Relaxation,uncertain
chrome.exe,YouTube - Tech Channel Review,uncertain
chrome.exe,News - Mint Business,uncertain
chrome.exe,Outlook - Mail Drafts,uncertain
chrome.exe,Slack - Team Notes,uncertain
chrome.exe,Teams - Group Work,uncertain
chrome.exe,Wikipedia - History Timeline,uncertain
chrome.exe,Medium - Education Blog,uncertain
chrome.exe,Google Docs - Internship Report,productive
chrome.exe,Coursera - Neural Networks and Deep Learning,productive
chrome.exe,Udemy - Advanced Java Course,productive
chrome.exe,CS50 Harvard - Week 11 Lecture,productive
Code.exe,final_year_project.py - Visual Studio Code,productive
EXCEL.exe,Expense_Tracker.xlsx - Microsoft Excel,productive
MATLAB.exe,AI Toolbox,productive
chrome.exe,LeetCode - HashMap Problem,productive
chrome.exe,HackerRank - Python Coding Challenge,productive
chrome.exe,Stack Overflow - TypeError Pandas,productive
chrome.exe,Wikipedia - Information Theory,productive
chrome.exe,YouTube - Big Data Lecture,productive
chrome.exe,YouTube - Graph Algorithms Crash Course,productive
chrome.exe,YouTube - UPSC Governance Lecture,productive
chrome.exe,YouTube - IIT Electronics Lecture,productive
chrome.exe,YouTube - Operating Systems NPTEL,productive
chrome.exe,YouTube - Standup Comedy Show,distracting
chrome.exe,YouTube - Music Remix,distracting
chrome.exe,YouTube - Gaming Tournament,distracting
chrome.exe,YouTube - Hidden Camera Show,distracting
chrome.exe,Netflix - Animated Movie,distracting
chrome.exe,Reddit - r/fashion,distracting
chrome.exe,Facebook - Events Tab,distracting
chrome.exe,Instagram - Notifications,distracting
chrome.exe,Spotify - Indie Playlist,distracting
chrome.exe,TikTok - Short Dance,distracting
chrome.exe,YouTube - Inspirational Session,uncertain
chrome.exe,YouTube - TED Talk Science Future,uncertain
chrome.exe,YouTube - Background Study Playlist,uncertain
chrome.exe,YouTube - Tech Discussion Vlog,uncertain
chrome.exe,News - LiveMint,uncertain
chrome.exe,Outlook - Meeting Notes,uncertain
chrome.exe,Slack - Chat Updates,uncertain
chrome.exe,Teams - Quick Update,uncertain
chrome.exe,Wikipedia - Philosophy Page,uncertain
chrome.exe,Medium - Health Blog,uncertain
chrome.exe,Google Docs - Group Project Notes,productive
chrome.exe,Coursera - Statistics with Python,productive
chrome.exe,Udemy - Machine Learning Bootcamp,productive
chrome.exe,CS50 Harvard - Hackathon Lecture,productive
Code.exe,main_project.cpp - Visual Studio Code,productive
EXCEL.exe,Project_Expenses.xlsx - Microsoft Excel,productive
MATLAB.exe,Neural Network Project,productive
chrome.exe,LeetCode - Tree Traversal,productive
chrome.exe,HackerRank - SQL Exercises,productive
chrome.exe,Stack Overflow - ValueError Numpy,productive
chrome.exe,Wikipedia - Programming Languages,productive
chrome.exe,YouTube - Cybersecurity Basics,productive
chrome.exe,YouTube - Discrete Maths Lecture,productive
chrome.exe,YouTube - UPSC Culture Lecture,productive
chrome.exe,YouTube - IIT Mechanical Lab,productive
chrome.exe,YouTube - Artificial Intelligence NPTEL,productive
chrome.exe,YouTube - Comedy Night,distracting
chrome.exe,YouTube - Rap Music Playlist,distracting
chrome.exe,YouTube - Esports Finals,distracting
chrome.exe,YouTube - Funny Bloopers,distracting
chrome.exe,Netflix - Sci-fi Show,distracting
chrome.exe,Reddit - r/music,distracting
chrome.exe,Facebook - Comments Tab,distracting
chrome.exe,Instagram - Live Session,distracting
chrome.exe,Spotify - Classical Playlist,distracting
chrome.exe,TikTok - Skit Compilation,distracting
chrome.exe,YouTube - Self Help Session,uncertain
chrome.exe,YouTube - TED Talk Innovation Future,uncertain
chrome.exe,YouTube - Piano Study Music,uncertain
chrome.exe,YouTube - Tech Vlog Series,uncertain
chrome.exe,News - Scroll.in,uncertain
chrome.exe,Outlook - Outbox,uncertain
chrome.exe,Slack - Daily Chat,uncertain
chrome.exe,Teams - Team Standup,uncertain
chrome.exe,Wikipedia - TV Show Page,uncertain
chrome.exe,Medium - Tech Blog,uncertain
chrome.exe,Google Docs - Coursework Draft,productive
chrome.exe,Coursera - Applied Data Science Capstone,productive
chrome.exe,Udemy - Full Stack Development Course,productive
chrome.exe,CS50 Harvard - Closing Lecture,productive
Code.exe,ml_pipeline.ipynb - Visual Studio Code,productive
EXCEL.exe,Salary_Data.xlsx - Microsoft Excel,productive
MATLAB.exe,Image Segmentation Project,productive
chrome.exe,LeetCode - Binary Search Tree Problem,productive
chrome.exe,HackerRank - Coding Interview Prep,productive
chrome.exe,Stack Overflow - ImportError Python,productive
chrome.exe,Wikipedia - Algorithms,productive
chrome.exe,YouTube - Reinforcement Learning Lecture,productive
chrome.exe,YouTube - Advanced Calculus Tutorial,productive
chrome.exe,YouTube - UPSC Public Administration Lecture,productive
chrome.exe,YouTube - IIT Robotics Lecture,productive
chrome.exe,YouTube - IoT Systems NPTEL,productive
chrome.exe,YouTube - Dance Challenge,distracting
chrome.exe,YouTube - Meme Compilation 2025,distracting
chrome.exe,YouTube - Gaming Walkthrough,distracting
chrome.exe,YouTube - Music Album Release,distracting
chrome.exe,Netflix - Action Thriller,distracting
chrome.exe,Reddit - r/politics,uncertain
chrome.exe,Facebook - Groups Tab,distracting
chrome.exe,Instagram - Explore Stories,distracting
chrome.exe,Spotify - Workout Mix,distracting
chrome.exe,TikTok - Funny Reactions,distracting
chrome.exe,YouTube - Inspirational Talk 2025,uncertain
chrome.exe,YouTube - TED Talk Future Tech,uncertain
chrome.exe,YouTube - Chill Beats Study,uncertain
chrome.exe,YouTube - Tech Event Recap,uncertain
chrome.exe,News - Indian Today,uncertain
chrome.exe,Outlook - Calendar,uncertain
chrome.exe,Slack - Team General Chat,uncertain
chrome.exe,Teams - Quick Updates,uncertain
chrome.exe,Wikipedia - Nobel Prize Winners,uncertain
chrome.exe,Medium - Career Advice Blog,uncertain
chrome.exe,Google Docs - Project Notes,productive
chrome.exe,Coursera - Advanced Machine Learning,productive
chrome.exe,Udemy - Cybersecurity for Beginners,productive
chrome.exe,CS50 Harvard - Practice Exam,productive
Code.exe,ai_models.py - Visual Studio Code,productive
EXCEL.exe,Data_Cleaning.xlsx - Microsoft Excel,productive
MATLAB.exe,Pattern Recognition Project,productive
chrome.exe,LeetCode - Matrix Problem,productive
chrome.exe,HackerRank - Coding Practice,productive
chrome.exe,Stack Overflow - KeyError Pandas,productive
chrome.exe,Wikipedia - Cloud Computing,productive
chrome.exe,YouTube - Software Engineering Lecture,productive
chrome.exe,YouTube - Number Theory Tutorial,productive
chrome.exe,YouTube - UPSC Science Lecture,productive
chrome.exe,YouTube - IIT Programming Lecture,productive
chrome.exe,YouTube - Machine Learning NPTEL Lecture,productive
chrome.exe,YouTube - Funny Dance Videos,distracting
chrome.exe,YouTube - Music DJ Set,distracting
chrome.exe,YouTube - Fortnite Gameplay,distracting
chrome.exe,YouTube - Prank Calls,distracting
chrome.exe,Netflix - Drama Series,distracting
chrome.exe,Reddit - r/wholesomememes,distracting
chrome.exe,Facebook - News Tab,distracting
chrome.exe,Instagram - Feed Refresh,distracting
chrome.exe,Spotify - Hindi Songs Playlist,distracting
chrome.exe,TikTok - Lip Sync,distracting
chrome.exe,YouTube - Motivational Student Talk,uncertain
chrome.exe,YouTube - TED Talk Neuroscience,uncertain
chrome.exe,YouTube - Study Session Music,uncertain
chrome.exe,YouTube - Tech Demo Review,uncertain
chrome.exe,News - India Today Live,uncertain
chrome.exe,Outlook - Inbox Updates,uncertain
chrome.exe,Slack - Study Group,uncertain
chrome.exe,Teams - Daily Sync,uncertain
chrome.exe,Wikipedia - Famous Inventors,uncertain
chrome.exe,Medium - Productivity Hacks,uncertain
chrome.exe,Google Docs - Capstone Draft,productive
chrome.exe,Coursera - Applied AI Specialization,productive
chrome.exe,Udemy - Android Development,productive
chrome.exe,CS50 Harvard - Extra Lecture,productive
Code.exe,data_pipeline.py - Visual Studio Code,productive
EXCEL.exe,Monthly_Report.xlsx - Microsoft Excel,productive
MATLAB.exe,Speech Recognition Project,productive
chrome.exe,LeetCode - Dynamic Programming Set,productive
chrome.exe,HackerRank - C++ Quiz,productive
chrome.exe,Stack Overflow - ModuleNotFoundError Python,productive
chrome.exe,Wikipedia - Computer Vision,productive
chrome.exe,YouTube - Compiler Design Advanced,productive
chrome.exe,YouTube - Calculus Revision,productive
chrome.exe,YouTube - UPSC Environment Lecture,productive
chrome.exe,YouTube - IIT Aerospace Lecture,productive
chrome.exe,YouTube - Blockchain NPTEL,productive
chrome.exe,YouTube - Funny Kids Videos,distracting
chrome.exe,YouTube - Latest Rap Song,distracting
chrome.exe,YouTube - Gaming Clips 2025,distracting
chrome.exe,YouTube - Pranksters Compilation,distracting
chrome.exe,Netflix - Animated Series,distracting
chrome.exe,Reddit - r/askreddit,distracting
chrome.exe,Facebook - Photos Feed,distracting
chrome.exe,Instagram - Reels Tab,distracting
chrome.exe,Spotify - English Pop Playlist,distracting
chrome.exe,TikTok - Random Shorts,distracting